project,accuracy,precision,recall,f1,f2
abinit,0.8606271777003485,0.4642857142857143,0.43333333333333335,0.4482758620689655,0.4391891891891893
libmesh,0.8942252715837622,0.48936170212765956,0.3791208791208791,0.42724458204334365,0.39700805523590327
mdanalysis,0.8421052631578947,0.35443037974683544,0.25,0.2931937172774869,0.26565464895635676
