project,accuracy,precision,recall,f1,f2
mdanalysis,0.49631578947368427,0.14065013340309393,0.6521663754475456,0.22720644757845446,0.36736880086550927
libmesh,0.5753001715265865,0.14828716787317614,0.7352274876056378,0.2453527792214329,0.40616517410454234
abinit,0.49416376306620224,0.19759176487682512,0.9004900761322705,0.3235004851217005,0.5246740568283371
